election,study_id,study_date,party,vote_direct_pct,cis_estimate_pct,seat_range,source_url,source_type
CIS-3435,CIS-3435,2024-01-02,"PSOE",,34,,https://www.cis.es/documents/d/cis/3435_estimacion,PRIMARY_CIS
CIS-3435,CIS-3435,2024-01-02,"PP",,32.1,,https://www.cis.es/documents/d/cis/3435_estimacion,PRIMARY_CIS
CIS-3435,CIS-3435,2024-01-02,"SUMAR",,9.7,,https://www.cis.es/documents/d/cis/3435_estimacion,PRIMARY_CIS
CIS-3435,CIS-3435,2024-01-02,"VOX",,8.3,,https://www.cis.es/documents/d/cis/3435_estimacion,PRIMARY_CIS
CIS-3435,CIS-3435,2024-01-02,"Podemos",,2.7,,https://www.cis.es/documents/d/cis/3435_estimacion,PRIMARY_CIS
CIS-3435,CIS-3435,2024-01-02,"Junts",,1.5,,https://www.cis.es/documents/d/cis/3435_estimacion,PRIMARY_CIS
CIS-3435,CIS-3435,2024-01-02,"ERC",,1.4,,https://www.cis.es/documents/d/cis/3435_estimacion,PRIMARY_CIS
CIS-3435,CIS-3435,2024-01-02,"EH Bildu",,0.9,,https://www.cis.es/documents/d/cis/3435_estimacion,PRIMARY_CIS
CIS-3435,CIS-3435,2024-01-02,"EAJ-PNV",,0.8,,https://www.cis.es/documents/d/cis/3435_estimacion,PRIMARY_CIS
CIS-3435,CIS-3435,2024-01-02,"BNG",,0.7,,https://www.cis.es/documents/d/cis/3435_estimacion,PRIMARY_CIS
CIS-3435,CIS-3435,2024-01-02,"PACMA",,0.6,,https://www.cis.es/documents/d/cis/3435_estimacion,PRIMARY_CIS
CIS-3435,CIS-3435,2024-01-02,"CCa",,0.2,,https://www.cis.es/documents/d/cis/3435_estimacion,PRIMARY_CIS
CIS-3435,CIS-3435,2024-01-02,"UPN",,0.1,,https://www.cis.es/documents/d/cis/3435_estimacion,PRIMARY_CIS
CIS-3474,CIS-3474,2024-09-02,"PSOE",,33,,https://www.cis.es/documents/20117/13449888/3474_estimacion.pdf,PRIMARY_CIS
CIS-3474,CIS-3474,2024-09-02,"PP",,28.5,,https://www.cis.es/documents/20117/13449888/3474_estimacion.pdf,PRIMARY_CIS
CIS-3474,CIS-3474,2024-09-02,"VOX",,13.1,,https://www.cis.es/documents/20117/13449888/3474_estimacion.pdf,PRIMARY_CIS
CIS-3474,CIS-3474,2024-09-02,"SUMAR",,7.8,,https://www.cis.es/documents/20117/13449888/3474_estimacion.pdf,PRIMARY_CIS
CIS-3474,CIS-3474,2024-09-02,"Podemos",,3.6,,https://www.cis.es/documents/20117/13449888/3474_estimacion.pdf,PRIMARY_CIS
CIS-3474,CIS-3474,2024-09-02,"Se Acabó la Fiesta",,2.9,,https://www.cis.es/documents/20117/13449888/3474_estimacion.pdf,PRIMARY_CIS
CIS-3474,CIS-3474,2024-09-02,"ERC",,1.4,,https://www.cis.es/documents/20117/13449888/3474_estimacion.pdf,PRIMARY_CIS
CIS-3474,CIS-3474,2024-09-02,"Junts",,1.3,,https://www.cis.es/documents/20117/13449888/3474_estimacion.pdf,PRIMARY_CIS
CIS-3474,CIS-3474,2024-09-02,"EH Bildu",,1.1,,https://www.cis.es/documents/20117/13449888/3474_estimacion.pdf,PRIMARY_CIS
CIS-3474,CIS-3474,2024-09-02,"EAJ-PNV",,0.9,,https://www.cis.es/documents/20117/13449888/3474_estimacion.pdf,PRIMARY_CIS
CIS-3474,CIS-3474,2024-09-02,"BNG",,0.8,,https://www.cis.es/documents/20117/13449888/3474_estimacion.pdf,PRIMARY_CIS
CIS-3474,CIS-3474,2024-09-02,"PACMA",,0.8,,https://www.cis.es/documents/20117/13449888/3474_estimacion.pdf,PRIMARY_CIS
CIS-3474,CIS-3474,2024-09-02,"CCa",,0.3,,https://www.cis.es/documents/20117/13449888/3474_estimacion.pdf,PRIMARY_CIS
CIS-3474,CIS-3474,2024-09-02,"UPN",,0.1,,https://www.cis.es/documents/20117/13449888/3474_estimacion.pdf,PRIMARY_CIS
CIS-3485,CIS-3485,2024-11-02,"PSOE",,34.2,,https://www.cis.es/documents/20117/13448540/3485_Estimacion.pdf,PRIMARY_CIS
CIS-3485,CIS-3485,2024-11-02,"PP",,29.3,,https://www.cis.es/documents/20117/13448540/3485_Estimacion.pdf,PRIMARY_CIS
CIS-3485,CIS-3485,2024-11-02,"VOX",,11.8,,https://www.cis.es/documents/20117/13448540/3485_Estimacion.pdf,PRIMARY_CIS
CIS-3485,CIS-3485,2024-11-02,"SUMAR",,7,,https://www.cis.es/documents/20117/13448540/3485_Estimacion.pdf,PRIMARY_CIS
CIS-3485,CIS-3485,2024-11-02,"Podemos",,3.4,,https://www.cis.es/documents/20117/13448540/3485_Estimacion.pdf,PRIMARY_CIS
CIS-3485,CIS-3485,2024-11-02,"Se Acabó la Fiesta",,2,,https://www.cis.es/documents/20117/13448540/3485_Estimacion.pdf,PRIMARY_CIS
CIS-3485,CIS-3485,2024-11-02,"Junts",,1.7,,https://www.cis.es/documents/20117/13448540/3485_Estimacion.pdf,PRIMARY_CIS
CIS-3485,CIS-3485,2024-11-02,"ERC",,1.5,,https://www.cis.es/documents/20117/13448540/3485_Estimacion.pdf,PRIMARY_CIS
CIS-3485,CIS-3485,2024-11-02,"EH Bildu",,1,,https://www.cis.es/documents/20117/13448540/3485_Estimacion.pdf,PRIMARY_CIS
CIS-3485,CIS-3485,2024-11-02,"BNG",,0.8,,https://www.cis.es/documents/20117/13448540/3485_Estimacion.pdf,PRIMARY_CIS
CIS-3485,CIS-3485,2024-11-02,"EAJ-PNV",,0.8,,https://www.cis.es/documents/20117/13448540/3485_Estimacion.pdf,PRIMARY_CIS
CIS-3485,CIS-3485,2024-11-02,"CCa",,0.3,,https://www.cis.es/documents/20117/13448540/3485_Estimacion.pdf,PRIMARY_CIS
CIS-3485,CIS-3485,2024-11-02,"UPN",,0.1,,https://www.cis.es/documents/20117/13448540/3485_Estimacion.pdf,PRIMARY_CIS
CIS-3489,CIS-3489,2024-12-02,"PSOE",,32.2,,https://www.cis.es/documents/d/cis/es3489marMT_a,PRIMARY_CIS
CIS-3489,CIS-3489,2024-12-02,"PP",,28.4,,https://www.cis.es/documents/d/cis/es3489marMT_a,PRIMARY_CIS
CIS-3489,CIS-3489,2024-12-02,"VOX",,12.2,,https://www.cis.es/documents/d/cis/es3489marMT_a,PRIMARY_CIS
CIS-3489,CIS-3489,2024-12-02,"SUMAR",,7,,https://www.cis.es/documents/d/cis/es3489marMT_a,PRIMARY_CIS
CIS-3489,CIS-3489,2024-12-02,"Podemos",,4.1,,https://www.cis.es/documents/d/cis/es3489marMT_a,PRIMARY_CIS
CIS-3489,CIS-3489,2024-12-02,"Se Acabó la Fiesta",,2.8,,https://www.cis.es/documents/d/cis/es3489marMT_a,PRIMARY_CIS
CIS-3489,CIS-3489,2024-12-02,"ERC",,1.7,,https://www.cis.es/documents/d/cis/es3489marMT_a,PRIMARY_CIS
CIS-3489,CIS-3489,2024-12-02,"Junts",,1.2,,https://www.cis.es/documents/d/cis/es3489marMT_a,PRIMARY_CIS
CIS-3489,CIS-3489,2024-12-02,"EAJ-PNV",,1.2,,https://www.cis.es/documents/d/cis/es3489marMT_a,PRIMARY_CIS
CIS-3489,CIS-3489,2024-12-02,"EH Bildu",,1.1,,https://www.cis.es/documents/d/cis/es3489marMT_a,PRIMARY_CIS
CIS-3489,CIS-3489,2024-12-02,"BNG",,0.9,,https://www.cis.es/documents/d/cis/es3489marMT_a,PRIMARY_CIS
CIS-3489,CIS-3489,2024-12-02,"CCa",,0.3,,https://www.cis.es/documents/d/cis/es3489marMT_a,PRIMARY_CIS
CIS-3489,CIS-3489,2024-12-02,"UPN",,0.1,,https://www.cis.es/documents/d/cis/es3489marMT_a,PRIMARY_CIS
CIS-3502,CIS-3502,2025-03-01,"PSOE",,34.5,,https://www.cis.es/documents/d/guest/3502_estimacion,PRIMARY_CIS
CIS-3502,CIS-3502,2025-03-01,"PP",,29.2,,https://www.cis.es/documents/d/guest/3502_estimacion,PRIMARY_CIS
CIS-3502,CIS-3502,2025-03-01,"VOX",,11.7,,https://www.cis.es/documents/d/guest/3502_estimacion,PRIMARY_CIS
CIS-3502,CIS-3502,2025-03-01,"SUMAR",,7.6,,https://www.cis.es/documents/d/guest/3502_estimacion,PRIMARY_CIS
CIS-3502,CIS-3502,2025-03-01,"Podemos",,3.8,,https://www.cis.es/documents/d/guest/3502_estimacion,PRIMARY_CIS
CIS-3502,CIS-3502,2025-03-01,"Se Acabó la Fiesta",,1.9,,https://www.cis.es/documents/d/guest/3502_estimacion,PRIMARY_CIS
CIS-3502,CIS-3502,2025-03-01,"ERC",,1.7,,https://www.cis.es/documents/d/guest/3502_estimacion,PRIMARY_CIS
CIS-3502,CIS-3502,2025-03-01,"Junts",,1.4,,https://www.cis.es/documents/d/guest/3502_estimacion,PRIMARY_CIS
CIS-3502,CIS-3502,2025-03-01,"EAJ-PNV",,1.1,,https://www.cis.es/documents/d/guest/3502_estimacion,PRIMARY_CIS
CIS-3502,CIS-3502,2025-03-01,"EH Bildu",,0.9,,https://www.cis.es/documents/d/guest/3502_estimacion,PRIMARY_CIS
CIS-3502,CIS-3502,2025-03-01,"BNG",,0.8,,https://www.cis.es/documents/d/guest/3502_estimacion,PRIMARY_CIS
CIS-3502,CIS-3502,2025-03-01,"CCa",,0.1,,https://www.cis.es/documents/d/guest/3502_estimacion,PRIMARY_CIS
CIS-3502,CIS-3502,2025-03-01,"UPN",,0.1,,https://www.cis.es/documents/d/guest/3502_estimacion,PRIMARY_CIS
CIS-3536,CIS-3536,2025-12-01,"PSOE",,31.4,,https://www.cis.es/documents/d/guest/3536_estimacion-pdf,PRIMARY_CIS
CIS-3536,CIS-3536,2025-12-01,"PP",,22.4,,https://www.cis.es/documents/d/guest/3536_estimacion-pdf,PRIMARY_CIS
CIS-3536,CIS-3536,2025-12-01,"VOX",,17.6,,https://www.cis.es/documents/d/guest/3536_estimacion-pdf,PRIMARY_CIS
CIS-3536,CIS-3536,2025-12-01,"SUMAR",,7.8,,https://www.cis.es/documents/d/guest/3536_estimacion-pdf,PRIMARY_CIS
CIS-3536,CIS-3536,2025-12-01,"Podemos",,4.1,,https://www.cis.es/documents/d/guest/3536_estimacion-pdf,PRIMARY_CIS
CIS-3536,CIS-3536,2025-12-01,"Se Acabó la Fiesta",,2.4,,https://www.cis.es/documents/d/guest/3536_estimacion-pdf,PRIMARY_CIS
CIS-3536,CIS-3536,2025-12-01,"ERC",,2.1,,https://www.cis.es/documents/d/guest/3536_estimacion-pdf,PRIMARY_CIS
CIS-3536,CIS-3536,2025-12-01,"EH Bildu",,1.5,,https://www.cis.es/documents/d/guest/3536_estimacion-pdf,PRIMARY_CIS
CIS-3536,CIS-3536,2025-12-01,"EAJ-PNV",,0.9,,https://www.cis.es/documents/d/guest/3536_estimacion-pdf,PRIMARY_CIS
CIS-3536,CIS-3536,2025-12-01,"BNG",,0.8,,https://www.cis.es/documents/d/guest/3536_estimacion-pdf,PRIMARY_CIS
CIS-3536,CIS-3536,2025-12-01,"Junts",,0.8,,https://www.cis.es/documents/d/guest/3536_estimacion-pdf,PRIMARY_CIS
CIS-3536,CIS-3536,2025-12-01,"Aliança Catalana",,0.5,,https://www.cis.es/documents/d/guest/3536_estimacion-pdf,PRIMARY_CIS
CIS-3536,CIS-3536,2025-12-01,"CCa",,0.2,,https://www.cis.es/documents/d/guest/3536_estimacion-pdf,PRIMARY_CIS
CIS-3536,CIS-3536,2025-12-01,"UPN",,0.1,,https://www.cis.es/documents/d/guest/3536_estimacion-pdf,PRIMARY_CIS
CIS-3540,CIS-3540,2026-01-02,"PSOE",,31.7,,https://www.cis.es/documents/d/cis/3540_estimacion-pdf,PRIMARY_CIS
CIS-3540,CIS-3540,2026-01-02,"PP",,23,,https://www.cis.es/documents/d/cis/3540_estimacion-pdf,PRIMARY_CIS
CIS-3540,CIS-3540,2026-01-02,"VOX",,17.7,,https://www.cis.es/documents/d/cis/3540_estimacion-pdf,PRIMARY_CIS
CIS-3540,CIS-3540,2026-01-02,"SUMAR",,7.2,,https://www.cis.es/documents/d/cis/3540_estimacion-pdf,PRIMARY_CIS
CIS-3540,CIS-3540,2026-01-02,"Podemos",,3.5,,https://www.cis.es/documents/d/cis/3540_estimacion-pdf,PRIMARY_CIS
CIS-3540,CIS-3540,2026-01-02,"ERC",,2.6,,https://www.cis.es/documents/d/cis/3540_estimacion-pdf,PRIMARY_CIS
CIS-3540,CIS-3540,2026-01-02,"Se Acabó la Fiesta",,1.8,,https://www.cis.es/documents/d/cis/3540_estimacion-pdf,PRIMARY_CIS
CIS-3540,CIS-3540,2026-01-02,"EH Bildu",,1.5,,https://www.cis.es/documents/d/cis/3540_estimacion-pdf,PRIMARY_CIS
CIS-3540,CIS-3540,2026-01-02,"Junts",,1,,https://www.cis.es/documents/d/cis/3540_estimacion-pdf,PRIMARY_CIS
CIS-3540,CIS-3540,2026-01-02,"EAJ-PNV",,1,,https://www.cis.es/documents/d/cis/3540_estimacion-pdf,PRIMARY_CIS
CIS-3540,CIS-3540,2026-01-02,"BNG",,0.9,,https://www.cis.es/documents/d/cis/3540_estimacion-pdf,PRIMARY_CIS
CIS-3540,CIS-3540,2026-01-02,"CCa",,0.3,,https://www.cis.es/documents/d/cis/3540_estimacion-pdf,PRIMARY_CIS
CIS-3540,CIS-3540,2026-01-02,"UPN",,0.1,,https://www.cis.es/documents/d/cis/3540_estimacion-pdf,PRIMARY_CIS
CIS-3544,CIS-3544,2026-02-02,"PSOE",,32.6,,https://www.cis.es/documents/d/guest/3544_estimacion-pdf,PRIMARY_CIS
CIS-3544,CIS-3544,2026-02-02,"PP",,22.9,,https://www.cis.es/documents/d/guest/3544_estimacion-pdf,PRIMARY_CIS
CIS-3544,CIS-3544,2026-02-02,"VOX",,18.9,,https://www.cis.es/documents/d/guest/3544_estimacion-pdf,PRIMARY_CIS
CIS-3544,CIS-3544,2026-02-02,"SUMAR",,7,,https://www.cis.es/documents/d/guest/3544_estimacion-pdf,PRIMARY_CIS
CIS-3544,CIS-3544,2026-02-02,"Podemos",,3.9,,https://www.cis.es/documents/d/guest/3544_estimacion-pdf,PRIMARY_CIS
CIS-3544,CIS-3544,2026-02-02,"ERC",,2.5,,https://www.cis.es/documents/d/guest/3544_estimacion-pdf,PRIMARY_CIS
CIS-3544,CIS-3544,2026-02-02,"Se Acabó la Fiesta",,2.4,,https://www.cis.es/documents/d/guest/3544_estimacion-pdf,PRIMARY_CIS
CIS-3544,CIS-3544,2026-02-02,"Junts",,1.2,,https://www.cis.es/documents/d/guest/3544_estimacion-pdf,PRIMARY_CIS
CIS-3544,CIS-3544,2026-02-02,"EH Bildu",,1,,https://www.cis.es/documents/d/guest/3544_estimacion-pdf,PRIMARY_CIS
CIS-3544,CIS-3544,2026-02-02,"BNG",,0.8,,https://www.cis.es/documents/d/guest/3544_estimacion-pdf,PRIMARY_CIS
CIS-3544,CIS-3544,2026-02-02,"EAJ-PNV",,0.8,,https://www.cis.es/documents/d/guest/3544_estimacion-pdf,PRIMARY_CIS
CIS-3544,CIS-3544,2026-02-02,"CCa",,0.1,,https://www.cis.es/documents/d/guest/3544_estimacion-pdf,PRIMARY_CIS
CIS-3544,CIS-3544,2026-02-02,"UPN",,0.1,,https://www.cis.es/documents/d/guest/3544_estimacion-pdf,PRIMARY_CIS
CIS-3546,CIS-3546,2026-03-02,"PSOE",,31.8,,https://www.cis.es/documents/d/guest/es3546marMT_a-pdf,PRIMARY_CIS
CIS-3546,CIS-3546,2026-03-02,"PP",,23.3,,https://www.cis.es/documents/d/guest/es3546marMT_a-pdf,PRIMARY_CIS
CIS-3546,CIS-3546,2026-03-02,"VOX",,16.6,,https://www.cis.es/documents/d/guest/es3546marMT_a-pdf,PRIMARY_CIS
CIS-3546,CIS-3546,2026-03-02,"SUMAR",,7.1,,https://www.cis.es/documents/d/guest/es3546marMT_a-pdf,PRIMARY_CIS
CIS-3546,CIS-3546,2026-03-02,"Podemos",,2.9,,https://www.cis.es/documents/d/guest/es3546marMT_a-pdf,PRIMARY_CIS
CIS-3546,CIS-3546,2026-03-02,"ERC",,2.4,,https://www.cis.es/documents/d/guest/es3546marMT_a-pdf,PRIMARY_CIS
CIS-3546,CIS-3546,2026-03-02,"Se Acabó la Fiesta",,2.1,,https://www.cis.es/documents/d/guest/es3546marMT_a-pdf,PRIMARY_CIS
CIS-3546,CIS-3546,2026-03-02,"BNG",,1.7,,https://www.cis.es/documents/d/guest/es3546marMT_a-pdf,PRIMARY_CIS
CIS-3546,CIS-3546,2026-03-02,"EH Bildu",,1.1,,https://www.cis.es/documents/d/guest/es3546marMT_a-pdf,PRIMARY_CIS
CIS-3546,CIS-3546,2026-03-02,"Junts",,0.6,,https://www.cis.es/documents/d/guest/es3546marMT_a-pdf,PRIMARY_CIS
CIS-3546,CIS-3546,2026-03-02,"EAJ-PNV",,0.5,,https://www.cis.es/documents/d/guest/es3546marMT_a-pdf,PRIMARY_CIS
CIS-3546,CIS-3546,2026-03-02,"CCa",,0,,https://www.cis.es/documents/d/guest/es3546marMT_a-pdf,PRIMARY_CIS
CIS-3546,CIS-3546,2026-03-02,"UPN",,0,,https://www.cis.es/documents/d/guest/es3546marMT_a-pdf,PRIMARY_CIS
CIS-3557,CIS-3557,2026-04-06,"PSOE",,36.4,,https://www.cis.es/documents/d/guest/3557_estimacion-pdf,PRIMARY_CIS
CIS-3557,CIS-3557,2026-04-06,"PP",,23.6,,https://www.cis.es/documents/d/guest/3557_estimacion-pdf,PRIMARY_CIS
CIS-3557,CIS-3557,2026-04-06,"VOX",,14.7,,https://www.cis.es/documents/d/guest/3557_estimacion-pdf,PRIMARY_CIS
CIS-3557,CIS-3557,2026-04-06,"SUMAR",,5.8,,https://www.cis.es/documents/d/guest/3557_estimacion-pdf,PRIMARY_CIS
CIS-3557,CIS-3557,2026-04-06,"ERC",,2.9,,https://www.cis.es/documents/d/guest/3557_estimacion-pdf,PRIMARY_CIS
CIS-3557,CIS-3557,2026-04-06,"Podemos",,2.2,,https://www.cis.es/documents/d/guest/3557_estimacion-pdf,PRIMARY_CIS
CIS-3557,CIS-3557,2026-04-06,"Se Acabó la Fiesta",,1.7,,https://www.cis.es/documents/d/guest/3557_estimacion-pdf,PRIMARY_CIS
CIS-3557,CIS-3557,2026-04-06,"EH Bildu",,1.3,,https://www.cis.es/documents/d/guest/3557_estimacion-pdf,PRIMARY_CIS
CIS-3557,CIS-3557,2026-04-06,"Junts",,0.8,,https://www.cis.es/documents/d/guest/3557_estimacion-pdf,PRIMARY_CIS
CIS-3557,CIS-3557,2026-04-06,"BNG",,0.8,,https://www.cis.es/documents/d/guest/3557_estimacion-pdf,PRIMARY_CIS
CIS-3557,CIS-3557,2026-04-06,"EAJ-PNV",,0.8,,https://www.cis.es/documents/d/guest/3557_estimacion-pdf,PRIMARY_CIS
CIS-3557,CIS-3557,2026-04-06,"CCa",,0.2,,https://www.cis.es/documents/d/guest/3557_estimacion-pdf,PRIMARY_CIS
CIS-3557,CIS-3557,2026-04-06,"UPN",,0.1,,https://www.cis.es/documents/d/guest/3557_estimacion-pdf,PRIMARY_CIS
