circunscripcion,escanos_2026,source
Albacete,4,BOE-A-2026-20742
Alicante/Alacant,12,BOE-A-2026-20742
Almería,6,BOE-A-2026-20742
Araba/Álava,4,BOE-A-2026-20742
Asturias,7,BOE-A-2026-20742
Ávila,3,BOE-A-2026-20742
Badajoz,5,BOE-A-2026-20742
Balears (Illes),8,BOE-A-2026-20742
Barcelona,32,BOE-A-2026-20742
Bizkaia,8,BOE-A-2026-20742
Burgos,4,BOE-A-2026-20742
Cáceres,4,BOE-A-2026-20742
Cádiz,8,BOE-A-2026-20742
Cantabria,5,BOE-A-2026-20742
Castellón/Castelló,5,BOE-A-2026-20742
Ciudad Real,5,BOE-A-2026-20742
Córdoba,6,BOE-A-2026-20742
Coruña (A),8,BOE-A-2026-20742
Cuenca,3,BOE-A-2026-20742
Gipuzkoa,6,BOE-A-2026-20742
Girona,6,BOE-A-2026-20742
Granada,7,BOE-A-2026-20742
Guadalajara,3,BOE-A-2026-20742
Huelva,5,BOE-A-2026-20742
Huesca,3,BOE-A-2026-20742
Jaén,5,BOE-A-2026-20742
León,4,BOE-A-2026-20742
Lleida,4,BOE-A-2026-20742
Lugo,4,BOE-A-2026-20742
Madrid,38,BOE-A-2026-20742
Málaga,11,BOE-A-2026-20742
Murcia,10,BOE-A-2026-20742
Navarra,5,BOE-A-2026-20742
Ourense,4,BOE-A-2026-20742
Palencia,3,BOE-A-2026-20742
Palmas (Las),8,BOE-A-2026-20742
Pontevedra,7,BOE-A-2026-20742
Rioja (La),4,BOE-A-2026-20742
Salamanca,4,BOE-A-2026-20742
Santa Cruz de Tenerife,7,BOE-A-2026-20742
Segovia,3,BOE-A-2026-20742
Sevilla,12,BOE-A-2026-20742
Soria,2,BOE-A-2026-20742
Tarragona,6,BOE-A-2026-20742
Teruel,3,BOE-A-2026-20742
Toledo,6,BOE-A-2026-20742
Valencia/València,16,BOE-A-2026-20742
Valladolid,5,BOE-A-2026-20742
Zamora,3,BOE-A-2026-20742
Zaragoza,7,BOE-A-2026-20742
Ceuta,1,BOE-A-2026-20742
Melilla,1,BOE-A-2026-20742
