fecha_encuesta,partido,estimacion_voto,tipo_encuesta,encuesta,fuente,nivel_fuente,metodo,codigo_estudio,variable,sample_size
2004-01-24,PP,42.2,preelectoral,CIS estudio 2555,Centro de Investigaciones Sociológicas,PRIMARY_OFFICIAL_PUBLISHED_ESTIMATE,official_cis_published_estimate,2555,estimacion_voto,
2004-01-24,PSOE,35.5,preelectoral,CIS estudio 2555,Centro de Investigaciones Sociológicas,PRIMARY_OFFICIAL_PUBLISHED_ESTIMATE,official_cis_published_estimate,2555,estimacion_voto,
2008-02-04,PSOE,40.2,preelectoral,CIS estudio 2750,Centro de Investigaciones Sociológicas,PRIMARY_OFFICIAL_PUBLISHED_ESTIMATE,official_cis_published_estimate,2750,estimacion_voto,
2008-02-04,PP,38.7,preelectoral,CIS estudio 2750,Centro de Investigaciones Sociológicas,PRIMARY_OFFICIAL_PUBLISHED_ESTIMATE,official_cis_published_estimate,2750,estimacion_voto,
2011-10-06,PP,46.6,preelectoral,CIS estudio 2915,Centro de Investigaciones Sociológicas,PRIMARY_OFFICIAL_PUBLISHED_ESTIMATE,official_cis_published_estimate,2915,estimacion_voto,
2011-10-06,PSOE,29.91,preelectoral,CIS estudio 2915,Centro de Investigaciones Sociológicas,PRIMARY_OFFICIAL_PUBLISHED_ESTIMATE,official_cis_published_estimate,2915,estimacion_voto,
2015-10-27,PP,28.6,preelectoral,CIS estudio 3117,Centro de Investigaciones Sociológicas,PRIMARY_OFFICIAL_PUBLISHED_ESTIMATE,official_cis_published_estimate,3117,estimacion_voto,
2015-10-27,PSOE,20.8,preelectoral,CIS estudio 3117,Centro de Investigaciones Sociológicas,PRIMARY_OFFICIAL_PUBLISHED_ESTIMATE,official_cis_published_estimate,3117,estimacion_voto,
2015-10-27,Ciudadanos,19.0,preelectoral,CIS estudio 3117,Centro de Investigaciones Sociológicas,PRIMARY_OFFICIAL_PUBLISHED_ESTIMATE,official_cis_published_estimate,3117,estimacion_voto,
2015-10-27,Podemos,9.1,preelectoral,CIS estudio 3117,Centro de Investigaciones Sociológicas,PRIMARY_OFFICIAL_PUBLISHED_ESTIMATE,official_cis_published_estimate,3117,estimacion_voto,
2016-06-09,PP,29.2,preelectoral,CIS estudio 3141,Centro de Investigaciones Sociológicas,PRIMARY_OFFICIAL_PUBLISHED_ESTIMATE,official_cis_published_estimate,3141,estimacion_voto,
2016-06-09,PSOE,21.2,preelectoral,CIS estudio 3141,Centro de Investigaciones Sociológicas,PRIMARY_OFFICIAL_PUBLISHED_ESTIMATE,official_cis_published_estimate,3141,estimacion_voto,
2016-06-09,Ciudadanos,14.6,preelectoral,CIS estudio 3141,Centro de Investigaciones Sociológicas,PRIMARY_OFFICIAL_PUBLISHED_ESTIMATE,official_cis_published_estimate,3141,estimacion_voto,
2019-03-01,PP,17.2,preelectoral,CIS estudio 3242,Centro de Investigaciones Sociológicas,PRIMARY_OFFICIAL_PUBLISHED_ESTIMATE,official_cis_published_estimate,3242,estimacion_voto,
2019-03-01,PSOE,30.2,preelectoral,CIS estudio 3242,Centro de Investigaciones Sociológicas,PRIMARY_OFFICIAL_PUBLISHED_ESTIMATE,official_cis_published_estimate,3242,estimacion_voto,
2019-03-01,Ciudadanos,13.6,preelectoral,CIS estudio 3242,Centro de Investigaciones Sociológicas,PRIMARY_OFFICIAL_PUBLISHED_ESTIMATE,official_cis_published_estimate,3242,estimacion_voto,
2019-03-01,Unidas Podemos,12.3,preelectoral,CIS estudio 3242,Centro de Investigaciones Sociológicas,PRIMARY_OFFICIAL_PUBLISHED_ESTIMATE,official_cis_published_estimate,3242,estimacion_voto,
2019-03-01,VOX,11.9,preelectoral,CIS estudio 3242,Centro de Investigaciones Sociológicas,PRIMARY_OFFICIAL_PUBLISHED_ESTIMATE,official_cis_published_estimate,3242,estimacion_voto,
2019-10-01,PSOE,32.2,preelectoral,CIS estudio 3263,Centro de Investigaciones Sociológicas,PRIMARY_OFFICIAL_PUBLISHED_ESTIMATE,official_cis_published_estimate,3263,estimacion_voto,
2019-10-01,PP,18.1,preelectoral,CIS estudio 3263,Centro de Investigaciones Sociológicas,PRIMARY_OFFICIAL_PUBLISHED_ESTIMATE,official_cis_published_estimate,3263,estimacion_voto,
2019-10-01,Ciudadanos,10.6,preelectoral,CIS estudio 3263,Centro de Investigaciones Sociológicas,PRIMARY_OFFICIAL_PUBLISHED_ESTIMATE,official_cis_published_estimate,3263,estimacion_voto,
2019-10-01,Unidas Podemos,11.1,preelectoral,CIS estudio 3263,Centro de Investigaciones Sociológicas,PRIMARY_OFFICIAL_PUBLISHED_ESTIMATE,official_cis_published_estimate,3263,estimacion_voto,
2019-10-01,VOX,7.9,preelectoral,CIS estudio 3263,Centro de Investigaciones Sociológicas,PRIMARY_OFFICIAL_PUBLISHED_ESTIMATE,official_cis_published_estimate,3263,estimacion_voto,
2023-06-08,PP,31.4,preelectoral,CIS estudio 3411,Centro de Investigaciones Sociológicas,PRIMARY_OFFICIAL_PUBLISHED_ESTIMATE,official_cis_published_estimate,3411,estimacion_voto,
2023-06-08,PSOE,31.2,preelectoral,CIS estudio 3411,Centro de Investigaciones Sociológicas,PRIMARY_OFFICIAL_PUBLISHED_ESTIMATE,official_cis_published_estimate,3411,estimacion_voto,
2023-06-08,SUMAR,16.4,preelectoral,CIS estudio 3411,Centro de Investigaciones Sociológicas,PRIMARY_OFFICIAL_PUBLISHED_ESTIMATE,official_cis_published_estimate,3411,estimacion_voto,
2023-06-08,VOX,10.6,preelectoral,CIS estudio 3411,Centro de Investigaciones Sociológicas,PRIMARY_OFFICIAL_PUBLISHED_ESTIMATE,official_cis_published_estimate,3411,estimacion_voto