election,fecha_eleccion,circunscripcion_codigo,circunscripcion,partido_codigo,partido,votos,escaños,fuente,nivel_fuente
2004-03-14,2004-03-14,TOTAL ESPAÑA,ES,PP,PP,9635491,146,Ministerio del Interior / reproducción trazable Dato Electoral,SECONDARY_REPRODUCTION_PRIMARY
2004-03-14,2004-03-14,TOTAL ESPAÑA,ES,PSOE,PSOE,11026163,164,Ministerio del Interior / reproducción trazable Dato Electoral,SECONDARY_REPRODUCTION_PRIMARY
2008-03-09,2008-03-09,TOTAL ESPAÑA,ES,PP,PP,10144951,212,Ministerio del Interior / reproducción trazable Dato Electoral,SECONDARY_REPRODUCTION_PRIMARY
2008-03-09,2008-03-09,TOTAL ESPAÑA,ES,PSOE,PSOE,11289335,152,Ministerio del Interior / reproducción trazable Dato Electoral,SECONDARY_REPRODUCTION_PRIMARY
2011-11-20,2011-11-20,TOTAL ESPAÑA,ES,PP,PP,10866566,186,Ministerio del Interior / reproducción trazable Dato Electoral,SECONDARY_REPRODUCTION_PRIMARY
2011-11-20,2011-11-20,TOTAL ESPAÑA,ES,PSOE,PSOE,7003511,110,Ministerio del Interior / reproducción trazable Dato Electoral,SECONDARY_REPRODUCTION_PRIMARY
2015-12-20,2015-12-20,TOTAL ESPAÑA,ES,PP,PP,7203081,123,Ministerio del Interior / reproducción trazable Dato Electoral,SECONDARY_REPRODUCTION_PRIMARY
2015-12-20,2015-12-20,TOTAL ESPAÑA,ES,PSOE,PSOE,5486393,90,Ministerio del Interior / reproducción trazable Dato Electoral,SECONDARY_REPRODUCTION_PRIMARY
2015-12-20,2015-12-20,TOTAL ESPAÑA,ES,Ciudadanos,Ciudadanos,3411413,40,Ministerio del Interior / reproducción trazable Dato Electoral,SECONDARY_REPRODUCTION_PRIMARY
2015-12-20,2015-12-20,TOTAL ESPAÑA,ES,Podemos,Podemos,4208099,42,Ministerio del Interior / reproducción trazable Dato Electoral,SECONDARY_REPRODUCTION_PRIMARY
2016-06-26,2016-06-26,TOTAL ESPAÑA,ES,PP,PP,7834260,137,Ministerio del Interior / reproducción trazable Dato Electoral,SECONDARY_REPRODUCTION_PRIMARY
2016-06-26,2016-06-26,TOTAL ESPAÑA,ES,PSOE,PSOE,5443846,85,Ministerio del Interior / reproducción trazable Dato Electoral,SECONDARY_REPRODUCTION_PRIMARY
2016-06-26,2016-06-26,TOTAL ESPAÑA,ES,Ciudadanos,Ciudadanos,3141570,32,Ministerio del Interior / reproducción trazable Dato Electoral,SECONDARY_REPRODUCTION_PRIMARY
2016-06-26,2016-06-26,TOTAL ESPAÑA,ES,Unidos Podemos,Unidos Podemos,4195899,,Ministerio del Interior / reproducción trazable Dato Electoral,SECONDARY_REPRODUCTION_PRIMARY
2019-04-28,2019-04-28,TOTAL ESPAÑA,ES,PP,PP,4362500,66,Ministerio del Interior / reproducción trazable Dato Electoral,SECONDARY_REPRODUCTION_PRIMARY
2019-04-28,2019-04-28,TOTAL ESPAÑA,ES,PSOE,PSOE,7513142,123,Ministerio del Interior / reproducción trazable Dato Electoral,SECONDARY_REPRODUCTION_PRIMARY
2019-04-28,2019-04-28,TOTAL ESPAÑA,ES,Ciudadanos,Ciudadanos,4155665,57,Ministerio del Interior / reproducción trazable Dato Electoral,SECONDARY_REPRODUCTION_PRIMARY
2019-04-28,2019-04-28,TOTAL ESPAÑA,ES,VOX,VOX,2688092,24,Ministerio del Interior / reproducción trazable Dato Electoral,SECONDARY_REPRODUCTION_PRIMARY
2019-04-28,2019-04-28,TOTAL ESPAÑA,ES,Unidas Podemos,Unidas Podemos,3118329,,Ministerio del Interior / reproducción trazable Dato Electoral,SECONDARY_REPRODUCTION_PRIMARY
2019-11-10,2019-11-10,TOTAL ESPAÑA,ES,PP,PP,5047040,89,Ministerio del Interior / reproducción trazable Dato Electoral,SECONDARY_REPRODUCTION_PRIMARY
2019-11-10,2019-11-10,TOTAL ESPAÑA,ES,PSOE,PSOE,6792199,120,Ministerio del Interior / reproducción trazable Dato Electoral,SECONDARY_REPRODUCTION_PRIMARY
2019-11-10,2019-11-10,TOTAL ESPAÑA,ES,Ciudadanos,Ciudadanos,1650318,10,Ministerio del Interior / reproducción trazable Dato Electoral,SECONDARY_REPRODUCTION_PRIMARY
2019-11-10,2019-11-10,TOTAL ESPAÑA,ES,VOX,VOX,3656979,52,Ministerio del Interior / reproducción trazable Dato Electoral,SECONDARY_REPRODUCTION_PRIMARY
2019-11-10,2019-11-10,TOTAL ESPAÑA,ES,Unidas Podemos,Unidas Podemos,2556156,,Ministerio del Interior / reproducción trazable Dato Electoral,SECONDARY_REPRODUCTION_PRIMARY
2023-07-23,2023-07-23,TOTAL ESPAÑA,ES,PP,PP,8160837,137,Ministerio del Interior / reproducción trazable Dato Electoral,SECONDARY_REPRODUCTION_PRIMARY
2023-07-23,2023-07-23,TOTAL ESPAÑA,ES,PSOE,PSOE,7821718,121,Ministerio del Interior / reproducción trazable Dato Electoral,SECONDARY_REPRODUCTION_PRIMARY
2023-07-23,2023-07-23,TOTAL ESPAÑA,ES,SUMAR,SUMAR,2642183,,Ministerio del Interior / reproducción trazable Dato Electoral,SECONDARY_REPRODUCTION_PRIMARY
2023-07-23,2023-07-23,TOTAL ESPAÑA,ES,VOX,VOX,3057000,33,Ministerio del Interior / reproducción trazable Dato Electoral,SECONDARY_REPRODUCTION_PRIMARY